{
    "position": {
        "x": 59.418775152142885,
        "y": 24.753287172291053
    },
    "message": "pepito es un genio secreto"
}
